folder,Image_no,Vehicle_state
0000,000005,AHEAD
0000,000006,AHEAD
0000,000007,AHEAD
0000,000008,AHEAD
0000,000009,AHEAD
0000,000010,AHEAD
0000,000011,AHEAD
0000,000012,AHEAD
0000,000013,AHEAD
0000,000014,AHEAD
0000,000015,AHEAD
0000,000016,AHEAD
0000,000017,AHEAD
0000,000018,AHEAD
0000,000019,AHEAD
0000,000020,AHEAD
0000,000021,AHEAD
0000,000022,AHEAD
0000,000023,AHEAD
0000,000024,AHEAD
0000,000025,AHEAD
0000,000026,AHEAD
0000,000027,AHEAD
0000,000028,AHEAD
0000,000029,AHEAD
0000,000030,AHEAD
0000,000031,AHEAD
0000,000032,AHEAD
0000,000033,AHEAD
0000,000034,SHARP-LEFT
0000,000035,SHARP-LEFT
0000,000036,SHARP-LEFT
0000,000037,SHARP-LEFT
0000,000038,SHARP-LEFT
0000,000039,SHARP-LEFT
0000,000040,SHARP-LEFT
0000,000041,SHARP-LEFT
0000,000042,SHARP-LEFT
0000,000043,SHARP-LEFT
0000,000044,SHARP-LEFT
0000,000045,SHARP-LEFT
0000,000046,SHARP-LEFT
0000,000047,SHARP-LEFT
0000,000048,SHARP-LEFT
0000,000049,SHARP-LEFT
0000,000050,AHEAD
0000,000051,AHEAD
0000,000052,AHEAD
0000,000053,AHEAD
0000,000054,AHEAD
0000,000055,AHEAD
0000,000056,AHEAD
0000,000057,AHEAD
0000,000058,AHEAD
0000,000059,AHEAD
0000,000060,AHEAD
0000,000061,AHEAD
0000,000062,AHEAD
0000,000063,AHEAD
0000,000064,AHEAD
0000,000065,AHEAD
0000,000066,AHEAD
0000,000067,AHEAD
0000,000068,AHEAD
0000,000069,AHEAD
0000,000070,AHEAD
0000,000071,AHEAD
0000,000072,AHEAD
0000,000073,AHEAD
0000,000074,AHEAD
0000,000075,AHEAD
0000,000076,AHEAD
0000,000077,AHEAD
0000,000078,AHEAD
0000,000079,AHEAD
0000,000080,AHEAD
0000,000081,AHEAD
0000,000082,AHEAD
0000,000083,AHEAD
0000,000084,AHEAD
0000,000085,AHEAD
0000,000086,AHEAD
0000,000087,SHARP-RIGHT
0000,000088,SHARP-RIGHT
0000,000089,SHARP-RIGHT
0000,000090,SHARP-RIGHT
0000,000091,SHARP-RIGHT
0000,000092,SHARP-RIGHT
0000,000093,SHARP-RIGHT
0000,000094,SHARP-RIGHT
0000,000095,SHARP-RIGHT
0000,000096,SHARP-RIGHT
0000,000097,SHARP-RIGHT
0000,000098,SHARP-RIGHT
0000,000099,SHARP-RIGHT
0000,000100,SHARP-RIGHT
0000,000101,SHARP-RIGHT
0000,000102,SHARP-RIGHT
0000,000103,SHARP-RIGHT
0000,000104,SHARP-RIGHT
0000,000105,SHARP-RIGHT
0000,000106,SHARP-RIGHT
0000,000107,SHARP-RIGHT
0000,000108,SHARP-RIGHT
0000,000109,SHARP-RIGHT
0000,000110,SHARP-RIGHT
0000,000111,SHARP-RIGHT
0000,000112,SHARP-RIGHT
0000,000113,SHARP-RIGHT
0000,000114,SHARP-RIGHT
0000,000115,SHARP-RIGHT
0000,000116,AHEAD
0000,000117,AHEAD
0000,000118,AHEAD
0000,000119,AHEAD
0000,000120,AHEAD
0000,000121,AHEAD
0000,000122,AHEAD
0000,000123,AHEAD
0000,000124,AHEAD
0000,000125,AHEAD
0000,000126,AHEAD
0000,000127,AHEAD
0000,000128,AHEAD
0000,000129,AHEAD
0000,000130,AHEAD
0000,000131,AHEAD
0000,000132,AHEAD
0000,000133,AHEAD
0000,000134,AHEAD
0000,000135,AHEAD
0000,000136,AHEAD
0000,000137,AHEAD
0000,000138,AHEAD
0000,000139,AHEAD
0000,000140,AHEAD
0000,000141,AHEAD
0000,000142,AHEAD
0000,000143,AHEAD
0000,000144,AHEAD
0000,000145,AHEAD
0000,000146,AHEAD
0000,000147,AHEAD
0000,000148,AHEAD
0000,000149,AHEAD
0000,000150,AHEAD
0000,000151,AHEAD
0000,000152,AHEAD
0000,000153,AHEAD
0001,000005,AHEAD
0001,000006,AHEAD
0001,000007,AHEAD
0001,000008,AHEAD
0001,000009,AHEAD
0001,000010,AHEAD
0001,000011,AHEAD
0001,000012,AHEAD
0001,000013,AHEAD
0001,000014,AHEAD
0001,000015,AHEAD
0001,000016,AHEAD
0001,000017,AHEAD
0001,000018,AHEAD
0001,000019,AHEAD
0001,000020,AHEAD
0001,000021,AHEAD
0001,000022,AHEAD
0001,000023,AHEAD
0001,000024,AHEAD
0001,000025,AHEAD
0001,000026,AHEAD
0001,000027,AHEAD
0001,000028,AHEAD
0001,000029,AHEAD
0001,000030,AHEAD
0001,000031,AHEAD
0001,000032,AHEAD
0001,000033,AHEAD
0001,000034,AHEAD
0001,000035,AHEAD
0001,000036,AHEAD
0001,000037,AHEAD
0001,000038,AHEAD
0001,000039,AHEAD
0001,000040,AHEAD
0001,000041,AHEAD
0001,000042,AHEAD
0001,000043,AHEAD
0001,000044,AHEAD
0001,000045,AHEAD
0001,000046,AHEAD
0001,000047,AHEAD
0001,000048,AHEAD
0001,000049,AHEAD
0001,000050,AHEAD
0001,000051,AHEAD
0001,000052,AHEAD
0001,000053,AHEAD
0001,000054,AHEAD
0001,000055,AHEAD
0001,000056,AHEAD
0001,000057,AHEAD
0001,000058,AHEAD
0001,000059,AHEAD
0001,000060,AHEAD
0001,000061,AHEAD
0001,000062,AHEAD
0001,000063,AHEAD
0001,000064,AHEAD
0001,000065,AHEAD
0001,000066,AHEAD
0001,000067,AHEAD
0001,000068,AHEAD
0001,000069,AHEAD
0001,000070,AHEAD
0001,000071,AHEAD
0001,000072,AHEAD
0001,000073,AHEAD
0001,000074,AHEAD
0001,000075,AHEAD
0001,000076,AHEAD
0001,000077,AHEAD
0001,000078,AHEAD
0001,000079,AHEAD
0001,000080,AHEAD
0001,000081,AHEAD
0001,000082,AHEAD
0001,000083,AHEAD
0001,000084,AHEAD
0001,000085,AHEAD
0001,000086,AHEAD
0001,000087,AHEAD
0001,000088,AHEAD
0001,000089,AHEAD
0001,000090,AHEAD
0001,000091,AHEAD
0001,000092,AHEAD
0001,000093,AHEAD
0001,000094,AHEAD
0001,000095,AHEAD
0001,000096,AHEAD
0001,000097,AHEAD
0001,000098,AHEAD
0001,000099,AHEAD
0001,000100,AHEAD
0001,000101,AHEAD
0001,000102,AHEAD
0001,000103,AHEAD
0001,000104,AHEAD
0001,000105,AHEAD
0001,000106,AHEAD
0001,000107,AHEAD
0001,000108,AHEAD
0001,000109,AHEAD
0001,000110,AHEAD
0001,000111,AHEAD
0001,000112,AHEAD
0001,000113,AHEAD
0001,000114,AHEAD
0001,000115,AHEAD
0001,000116,AHEAD
0001,000117,AHEAD
0001,000118,AHEAD
0001,000119,AHEAD
0001,000120,AHEAD
0001,000121,AHEAD
0001,000122,AHEAD
0001,000123,AHEAD
0001,000124,AHEAD
0001,000125,AHEAD
0001,000126,AHEAD
0001,000127,AHEAD
0001,000128,AHEAD
0001,000129,AHEAD
0001,000130,AHEAD
0001,000131,AHEAD
0001,000132,AHEAD
0001,000133,AHEAD
0001,000134,AHEAD
0001,000135,AHEAD
0001,000136,AHEAD
0001,000137,AHEAD
0001,000138,AHEAD
0001,000139,AHEAD
0001,000140,AHEAD
0001,000141,AHEAD
0001,000142,AHEAD
0001,000143,AHEAD
0001,000144,AHEAD
0001,000145,AHEAD
0001,000146,AHEAD
0001,000147,AHEAD
0001,000148,AHEAD
0001,000149,AHEAD
0001,000150,AHEAD
0001,000151,AHEAD
0001,000152,AHEAD
0001,000153,AHEAD
0001,000154,AHEAD
0001,000155,AHEAD
0001,000156,AHEAD
0001,000157,AHEAD
0001,000158,AHEAD
0001,000159,AHEAD
0001,000160,AHEAD
0001,000161,AHEAD
0001,000162,AHEAD
0001,000163,AHEAD
0001,000164,AHEAD
0001,000165,AHEAD
0001,000166,AHEAD
0001,000167,AHEAD
0001,000168,AHEAD
0001,000169,AHEAD
0001,000170,AHEAD
0001,000171,AHEAD
0001,000172,AHEAD
0001,000173,AHEAD
0001,000174,AHEAD
0001,000175,AHEAD
0001,000176,AHEAD
0001,000177,AHEAD
0001,000178,AHEAD
0001,000179,AHEAD
0001,000180,AHEAD
0001,000181,AHEAD
0001,000182,AHEAD
0001,000183,AHEAD
0001,000184,AHEAD
0001,000185,AHEAD
0001,000186,AHEAD
0001,000187,AHEAD
0001,000188,AHEAD
0001,000189,AHEAD
0001,000190,AHEAD
0001,000191,AHEAD
0001,000192,AHEAD
0001,000193,AHEAD
0001,000194,AHEAD
0001,000195,AHEAD
0001,000196,AHEAD
0001,000197,AHEAD
0001,000198,AHEAD
0001,000199,AHEAD
0001,000200,AHEAD
0001,000201,AHEAD
0001,000202,AHEAD
0001,000203,AHEAD
0001,000204,AHEAD
0001,000205,AHEAD
0001,000206,AHEAD
0001,000207,AHEAD
0001,000208,AHEAD
0001,000209,AHEAD
0001,000210,AHEAD
0001,000211,AHEAD
0001,000212,AHEAD
0001,000213,SHARP-LEFT
0001,000214,SHARP-LEFT
0001,000215,SHARP-LEFT
0001,000216,SHARP-LEFT
0001,000217,SHARP-LEFT
0001,000218,SHARP-LEFT
0001,000219,SHARP-LEFT
0001,000220,SHARP-LEFT
0001,000221,SHARP-LEFT
0001,000222,SHARP-LEFT
0001,000223,SHARP-LEFT
0001,000224,SHARP-LEFT
0001,000225,SHARP-LEFT
0001,000226,SHARP-LEFT
0001,000227,SHARP-LEFT
0001,000228,SHARP-LEFT
0001,000229,SHARP-LEFT
0001,000230,SHARP-LEFT
0001,000231,SHARP-LEFT
0001,000232,SHARP-LEFT
0001,000233,SHARP-LEFT
0001,000234,SHARP-LEFT
0001,000235,AHEAD
0001,000236,AHEAD
0001,000237,AHEAD
0001,000238,AHEAD
0001,000239,AHEAD
0001,000240,AHEAD
0001,000241,AHEAD
0001,000242,AHEAD
0001,000243,AHEAD
0001,000244,AHEAD
0001,000245,AHEAD
0001,000246,AHEAD
0001,000247,AHEAD
0001,000248,AHEAD
0001,000249,AHEAD
0001,000250,AHEAD
0001,000251,AHEAD
0001,000252,AHEAD
0001,000253,AHEAD
0001,000254,AHEAD
0001,000255,AHEAD
0001,000256,AHEAD
0001,000257,AHEAD
0001,000258,AHEAD
0001,000259,AHEAD
0001,000260,AHEAD
0001,000261,AHEAD
0001,000262,AHEAD
0001,000263,AHEAD
0001,000264,AHEAD
0001,000265,AHEAD
0001,000266,AHEAD
0001,000267,AHEAD
0001,000268,AHEAD
0001,000269,AHEAD
0001,000270,AHEAD
0001,000271,AHEAD
0001,000272,AHEAD
0001,000273,AHEAD
0001,000274,AHEAD
0001,000275,AHEAD
0001,000276,AHEAD
0001,000277,AHEAD
0001,000278,AHEAD
0001,000279,AHEAD
0001,000280,AHEAD
0001,000281,AHEAD
0001,000282,AHEAD
0001,000283,AHEAD
0001,000284,AHEAD
0001,000285,AHEAD
0001,000286,AHEAD
0001,000287,AHEAD
0001,000288,AHEAD
0001,000289,AHEAD
0001,000290,AHEAD
0001,000291,AHEAD
0001,000292,AHEAD
0001,000293,AHEAD
0001,000294,AHEAD
0001,000295,AHEAD
0001,000296,AHEAD
0001,000297,AHEAD
0001,000298,AHEAD
0001,000299,AHEAD
0001,000300,AHEAD
0001,000301,AHEAD
0001,000302,AHEAD
0001,000303,AHEAD
0001,000304,AHEAD
0001,000305,AHEAD
0001,000306,AHEAD
0001,000307,AHEAD
0001,000308,AHEAD
0001,000309,AHEAD
0001,000310,AHEAD
0001,000311,AHEAD
0001,000312,AHEAD
0001,000313,AHEAD
0001,000314,AHEAD
0001,000315,AHEAD
0001,000316,AHEAD
0001,000317,AHEAD
0001,000318,AHEAD
0001,000319,AHEAD
0001,000320,AHEAD
0001,000321,AHEAD
0001,000322,AHEAD
0001,000323,AHEAD
0001,000324,AHEAD
0001,000325,AHEAD
0001,000326,AHEAD
0001,000327,AHEAD
0001,000328,AHEAD
0001,000329,AHEAD
0001,000330,AHEAD
0001,000331,AHEAD
0001,000332,AHEAD
0001,000333,AHEAD
0001,000334,AHEAD
0001,000335,AHEAD
0001,000336,AHEAD
0001,000337,AHEAD
0001,000338,AHEAD
0001,000339,AHEAD
0001,000340,AHEAD
0001,000341,SHARP-RIGHT
0001,000342,SHARP-RIGHT
0001,000343,SHARP-RIGHT
0001,000344,SHARP-RIGHT
0001,000345,AHEAD
0001,000346,AHEAD
0001,000347,AHEAD
0001,000348,AHEAD
0001,000349,AHEAD
0001,000350,AHEAD
0001,000351,AHEAD
0001,000352,AHEAD
0001,000353,AHEAD
0001,000354,AHEAD
0001,000355,AHEAD
0001,000356,AHEAD
0001,000357,AHEAD
0001,000358,AHEAD
0001,000359,AHEAD
0001,000360,AHEAD
0001,000361,AHEAD
0001,000362,AHEAD
0001,000363,AHEAD
0001,000364,AHEAD
0001,000365,AHEAD
0001,000366,AHEAD
0001,000367,AHEAD
0001,000368,AHEAD
0001,000369,AHEAD
0001,000370,AHEAD
0001,000371,AHEAD
0001,000372,AHEAD
0001,000373,AHEAD
0001,000374,AHEAD
0001,000375,AHEAD
0001,000376,AHEAD
0001,000377,AHEAD
0001,000378,AHEAD
0001,000379,AHEAD
0001,000380,AHEAD
0001,000381,AHEAD
0001,000382,AHEAD
0001,000383,AHEAD
0001,000384,AHEAD
0001,000385,AHEAD
0001,000386,AHEAD
0001,000387,AHEAD
0001,000388,AHEAD
0001,000389,AHEAD
0001,000390,AHEAD
0001,000391,AHEAD
0001,000392,AHEAD
0001,000393,AHEAD
0001,000394,AHEAD
0001,000395,AHEAD
0001,000396,AHEAD
0001,000397,AHEAD
0001,000398,AHEAD
0001,000399,AHEAD
0001,000400,AHEAD
0001,000401,AHEAD
0001,000402,AHEAD
0001,000403,HALTED
0001,000404,HALTED
0001,000405,HALTED
0001,000406,HALTED
0001,000407,HALTED
0001,000408,HALTED
0001,000409,HALTED
0001,000410,HALTED
0001,000411,HALTED
0001,000412,HALTED
0001,000413,HALTED
0001,000414,HALTED
0001,000415,HALTED
0001,000416,HALTED
0001,000417,HALTED
0001,000418,HALTED
0001,000419,HALTED
0001,000420,HALTED
0001,000421,HALTED
0001,000422,HALTED
0001,000423,HALTED
0001,000424,HALTED
0001,000425,HALTED
0001,000426,HALTED
0001,000427,HALTED
0001,000428,HALTED
0001,000429,HALTED
0001,000430,HALTED
0001,000431,HALTED
0001,000432,HALTED
0001,000433,HALTED
0001,000434,HALTED
0001,000435,HALTED
0001,000436,HALTED
0001,000437,HALTED
0001,000438,HALTED
0001,000439,HALTED
0001,000440,HALTED
0001,000441,HALTED
0001,000442,HALTED
0001,000443,HALTED
0001,000444,HALTED
0001,000445,HALTED
0001,000446,HALTED
0004,000005,AHEAD
0004,000006,AHEAD
0004,000007,AHEAD
0004,000008,AHEAD
0004,000009,AHEAD
0004,000010,AHEAD
0004,000011,AHEAD
0004,000012,SHARP-RIGHT
0004,000013,SHARP-RIGHT
0004,000014,SHARP-RIGHT
0004,000015,SHARP-RIGHT
0004,000016,SHARP-RIGHT
0004,000017,SHARP-RIGHT
0004,000018,SHARP-RIGHT
0004,000019,SHARP-RIGHT
0004,000020,SHARP-RIGHT
0004,000021,SHARP-RIGHT
0004,000022,SHARP-RIGHT
0004,000023,SHARP-RIGHT
0004,000024,SHARP-RIGHT
0004,000025,AHEAD
0004,000026,AHEAD
0004,000027,AHEAD
0004,000028,AHEAD
0004,000029,AHEAD
0004,000030,AHEAD
0004,000031,AHEAD
0004,000032,SHARP-RIGHT
0004,000033,SHARP-RIGHT
0004,000034,SHARP-RIGHT
0004,000035,SHARP-RIGHT
0004,000036,SHARP-RIGHT
0004,000037,SHARP-RIGHT
0004,000038,SHARP-RIGHT
0004,000039,SHARP-RIGHT
0004,000040,SHARP-RIGHT
0004,000041,SHARP-RIGHT
0004,000042,SHARP-RIGHT
0004,000043,AHEAD
0004,000044,AHEAD
0004,000045,AHEAD
0004,000046,AHEAD
0004,000047,AHEAD
0004,000048,AHEAD
0004,000049,AHEAD
0004,000050,AHEAD
0004,000051,AHEAD
0004,000052,AHEAD
0004,000053,AHEAD
0004,000054,AHEAD
0004,000055,AHEAD
0004,000056,AHEAD
0004,000057,AHEAD
0004,000058,AHEAD
0004,000059,AHEAD
0004,000060,AHEAD
0004,000061,AHEAD
0004,000062,AHEAD
0004,000063,AHEAD
0004,000064,AHEAD
0004,000065,AHEAD
0004,000066,AHEAD
0004,000067,AHEAD
0004,000068,AHEAD
0004,000069,AHEAD
0004,000070,AHEAD
0004,000071,AHEAD
0004,000072,AHEAD
0004,000073,AHEAD
0004,000074,AHEAD
0004,000075,AHEAD
0004,000076,AHEAD
0004,000077,AHEAD
0004,000078,AHEAD
0004,000079,AHEAD
0004,000080,AHEAD
0004,000081,AHEAD
0004,000082,AHEAD
0004,000083,AHEAD
0004,000084,AHEAD
0004,000085,AHEAD
0004,000086,AHEAD
0004,000087,AHEAD
0004,000088,AHEAD
0004,000089,AHEAD
0004,000090,AHEAD
0004,000091,AHEAD
0004,000092,AHEAD
0004,000093,AHEAD
0004,000094,AHEAD
0004,000095,AHEAD
0004,000096,AHEAD
0004,000097,AHEAD
0004,000098,AHEAD
0004,000099,AHEAD
0004,000100,AHEAD
0004,000101,AHEAD
0004,000102,AHEAD
0004,000103,AHEAD
0004,000104,AHEAD
0004,000105,AHEAD
0004,000106,AHEAD
0004,000107,AHEAD
0004,000108,AHEAD
0004,000109,AHEAD
0004,000110,AHEAD
0004,000111,AHEAD
0004,000112,AHEAD
0004,000113,AHEAD
0004,000114,AHEAD
0004,000115,AHEAD
0004,000116,AHEAD
0004,000117,AHEAD
0004,000118,AHEAD
0004,000119,AHEAD
0004,000120,AHEAD
0004,000121,AHEAD
0004,000122,AHEAD
0004,000123,AHEAD
0004,000124,AHEAD
0004,000125,AHEAD
0004,000126,AHEAD
0004,000127,AHEAD
0004,000128,AHEAD
0004,000129,AHEAD
0004,000130,AHEAD
0004,000131,AHEAD
0004,000132,AHEAD
0004,000133,AHEAD
0004,000134,AHEAD
0004,000135,AHEAD
0004,000136,AHEAD
0004,000137,AHEAD
0004,000138,AHEAD
0004,000139,AHEAD
0004,000140,AHEAD
0004,000141,AHEAD
0004,000142,AHEAD
0004,000143,AHEAD
0004,000144,AHEAD
0004,000145,AHEAD
0004,000146,AHEAD
0004,000147,AHEAD
0004,000148,AHEAD
0004,000149,AHEAD
0004,000150,AHEAD
0004,000151,AHEAD
0004,000152,AHEAD
0004,000153,AHEAD
0004,000154,AHEAD
0004,000155,AHEAD
0004,000156,AHEAD
0004,000157,AHEAD
0004,000158,AHEAD
0004,000159,AHEAD
0004,000160,AHEAD
0004,000161,AHEAD
0004,000162,AHEAD
0004,000163,AHEAD
0004,000164,AHEAD
0004,000165,AHEAD
0004,000166,AHEAD
0004,000167,AHEAD
0004,000168,AHEAD
0004,000169,AHEAD
0004,000170,AHEAD
0004,000171,AHEAD
0004,000172,AHEAD
0004,000173,AHEAD
0004,000174,AHEAD
0004,000175,AHEAD
0004,000176,AHEAD
0004,000177,AHEAD
0004,000178,AHEAD
0004,000179,AHEAD
0004,000180,AHEAD
0004,000181,AHEAD
0004,000182,AHEAD
0004,000183,AHEAD
0004,000184,AHEAD
0004,000185,AHEAD
0004,000186,AHEAD
0004,000187,AHEAD
0004,000188,AHEAD
0004,000189,AHEAD
0004,000190,AHEAD
0004,000191,AHEAD
0004,000192,AHEAD
0004,000193,AHEAD
0004,000194,AHEAD
0004,000195,AHEAD
0004,000196,AHEAD
0004,000197,AHEAD
0004,000198,AHEAD
0004,000199,AHEAD
0004,000200,AHEAD
0004,000201,AHEAD
0004,000202,AHEAD
0004,000203,AHEAD
0004,000204,AHEAD
0004,000205,AHEAD
0004,000206,AHEAD
0004,000207,AHEAD
0004,000208,AHEAD
0004,000209,AHEAD
0004,000210,AHEAD
0004,000211,AHEAD
0004,000212,AHEAD
0004,000213,AHEAD
0004,000214,AHEAD
0004,000215,AHEAD
0004,000216,AHEAD
0004,000217,AHEAD
0004,000218,AHEAD
0004,000219,AHEAD
0004,000220,AHEAD
0004,000221,AHEAD
0004,000222,AHEAD
0004,000223,AHEAD
0004,000224,AHEAD
0004,000225,AHEAD
0004,000226,AHEAD
0004,000227,AHEAD
0004,000228,AHEAD
0004,000229,AHEAD
0004,000230,AHEAD
0004,000231,AHEAD
0004,000232,AHEAD
0004,000233,AHEAD
0004,000234,AHEAD
0004,000235,AHEAD
0004,000236,AHEAD
0004,000237,AHEAD
0004,000238,AHEAD
0004,000239,AHEAD
0004,000240,AHEAD
0004,000241,AHEAD
0004,000242,AHEAD
0004,000243,AHEAD
0004,000244,AHEAD
0004,000245,AHEAD
0004,000246,AHEAD
0004,000247,AHEAD
0004,000248,AHEAD
0004,000249,AHEAD
0004,000250,AHEAD
0004,000251,AHEAD
0004,000252,AHEAD
0004,000253,AHEAD
0004,000254,AHEAD
0004,000255,AHEAD
0004,000256,AHEAD
0004,000257,AHEAD
0004,000258,AHEAD
0004,000259,AHEAD
0004,000260,AHEAD
0004,000261,AHEAD
0004,000262,AHEAD
0004,000263,AHEAD
0004,000264,AHEAD
0004,000265,AHEAD
0004,000266,AHEAD
0004,000267,AHEAD
0004,000268,AHEAD
0004,000269,AHEAD
0004,000270,AHEAD
0004,000271,AHEAD
0004,000272,AHEAD
0004,000273,AHEAD
0004,000274,AHEAD
0004,000275,AHEAD
0004,000276,AHEAD
0004,000277,AHEAD
0004,000278,AHEAD
0004,000279,AHEAD
0004,000280,AHEAD
0004,000281,AHEAD
0004,000282,AHEAD
0004,000283,AHEAD
0004,000284,AHEAD
0004,000285,AHEAD
0004,000286,AHEAD
0004,000287,AHEAD
0004,000288,AHEAD
0004,000289,AHEAD
0004,000290,AHEAD
0004,000291,AHEAD
0004,000292,AHEAD
0004,000293,AHEAD
0004,000294,AHEAD
0004,000295,AHEAD
0004,000296,AHEAD
0004,000297,AHEAD
0004,000298,AHEAD
0004,000299,AHEAD
0004,000300,AHEAD
0004,000301,AHEAD
0004,000302,AHEAD
0004,000303,AHEAD
0004,000304,AHEAD
0004,000305,AHEAD
0004,000306,AHEAD
0004,000307,AHEAD
0004,000308,AHEAD
0004,000309,AHEAD
0004,000310,AHEAD
0004,000311,AHEAD
0004,000312,AHEAD
0004,000313,AHEAD
0011,000005,AHEAD
0011,000006,AHEAD
0011,000007,AHEAD
0011,000008,AHEAD
0011,000009,AHEAD
0011,000010,AHEAD
0011,000011,AHEAD
0011,000012,AHEAD
0011,000013,AHEAD
0011,000014,AHEAD
0011,000015,AHEAD
0011,000016,AHEAD
0011,000017,AHEAD
0011,000018,AHEAD
0011,000019,AHEAD
0011,000020,AHEAD
0011,000021,AHEAD
0011,000022,AHEAD
0011,000023,AHEAD
0011,000024,AHEAD
0011,000025,AHEAD
0011,000026,AHEAD
0011,000027,AHEAD
0011,000028,AHEAD
0011,000029,AHEAD
0011,000030,AHEAD
0011,000031,AHEAD
0011,000032,AHEAD
0011,000033,AHEAD
0011,000034,AHEAD
0011,000035,AHEAD
0011,000036,AHEAD
0011,000037,AHEAD
0011,000038,AHEAD
0011,000039,AHEAD
0011,000040,AHEAD
0011,000041,AHEAD
0011,000042,AHEAD
0011,000043,AHEAD
0011,000044,AHEAD
0011,000045,AHEAD
0011,000046,AHEAD
0011,000047,AHEAD
0011,000048,AHEAD
0011,000049,AHEAD
0011,000050,AHEAD
0011,000051,AHEAD
0011,000052,AHEAD
0011,000053,AHEAD
0011,000054,AHEAD
0011,000055,AHEAD
0011,000056,AHEAD
0011,000057,AHEAD
0011,000058,AHEAD
0011,000059,AHEAD
0011,000060,AHEAD
0011,000061,AHEAD
0011,000062,AHEAD
0011,000063,AHEAD
0011,000064,AHEAD
0011,000065,AHEAD
0011,000066,AHEAD
0011,000067,AHEAD
0011,000068,AHEAD
0011,000069,AHEAD
0011,000070,AHEAD
0011,000071,AHEAD
0011,000072,AHEAD
0011,000073,AHEAD
0011,000074,AHEAD
0011,000075,AHEAD
0011,000076,AHEAD
0011,000077,AHEAD
0011,000078,AHEAD
0011,000079,AHEAD
0011,000080,AHEAD
0011,000081,AHEAD
0011,000082,AHEAD
0011,000083,AHEAD
0011,000084,AHEAD
0011,000085,AHEAD
0011,000086,AHEAD
0011,000087,AHEAD
0011,000088,AHEAD
0011,000089,AHEAD
0011,000090,AHEAD
0011,000091,AHEAD
0011,000092,AHEAD
0011,000093,AHEAD
0011,000094,AHEAD
0011,000095,AHEAD
0011,000096,AHEAD
0011,000097,AHEAD
0011,000098,AHEAD
0011,000099,AHEAD
0011,000100,AHEAD
0011,000101,AHEAD
0011,000102,AHEAD
0011,000103,AHEAD
0011,000104,AHEAD
0011,000105,AHEAD
0011,000106,AHEAD
0011,000107,AHEAD
0011,000108,AHEAD
0011,000109,AHEAD
0011,000110,AHEAD
0011,000111,AHEAD
0011,000112,AHEAD
0011,000113,AHEAD
0011,000114,AHEAD
0011,000115,AHEAD
0011,000116,AHEAD
0011,000117,AHEAD
0011,000118,AHEAD
0011,000119,AHEAD
0011,000120,AHEAD
0011,000121,AHEAD
0011,000122,AHEAD
0011,000123,AHEAD
0011,000124,AHEAD
0011,000125,AHEAD
0011,000126,AHEAD
0011,000127,AHEAD
0011,000128,AHEAD
0011,000129,AHEAD
0011,000130,AHEAD
0011,000131,AHEAD
0011,000132,AHEAD
0011,000133,AHEAD
0011,000134,AHEAD
0011,000135,AHEAD
0011,000136,AHEAD
0011,000137,AHEAD
0011,000138,AHEAD
0011,000139,AHEAD
0011,000140,AHEAD
0011,000141,AHEAD
0011,000142,AHEAD
0011,000143,AHEAD
0011,000144,AHEAD
0011,000145,AHEAD
0011,000146,AHEAD
0011,000147,AHEAD
0011,000148,AHEAD
0011,000149,AHEAD
0011,000150,AHEAD
0011,000151,AHEAD
0011,000152,AHEAD
0011,000153,AHEAD
0011,000154,AHEAD
0011,000155,AHEAD
0011,000156,AHEAD
0011,000157,AHEAD
0011,000158,AHEAD
0011,000159,AHEAD
0011,000160,AHEAD
0011,000161,AHEAD
0011,000162,AHEAD
0011,000163,AHEAD
0011,000164,AHEAD
0011,000165,AHEAD
0011,000166,AHEAD
0011,000167,AHEAD
0011,000168,AHEAD
0011,000169,AHEAD
0011,000170,AHEAD
0011,000171,AHEAD
0011,000172,AHEAD
0011,000173,AHEAD
0011,000174,AHEAD
0011,000175,AHEAD
0011,000176,AHEAD
0011,000177,AHEAD
0011,000178,AHEAD
0011,000179,AHEAD
0011,000180,AHEAD
0011,000181,AHEAD
0011,000182,AHEAD
0011,000183,AHEAD
0011,000184,AHEAD
0011,000185,AHEAD
0011,000186,AHEAD
0011,000187,AHEAD
0011,000188,AHEAD
0011,000189,AHEAD
0011,000190,AHEAD
0011,000191,AHEAD
0011,000192,AHEAD
0011,000193,AHEAD
0011,000194,AHEAD
0011,000195,AHEAD
0011,000196,AHEAD
0011,000197,AHEAD
0011,000198,AHEAD
0011,000199,AHEAD
0011,000200,AHEAD
0011,000201,AHEAD
0011,000202,AHEAD
0011,000203,AHEAD
0011,000204,AHEAD
0011,000205,AHEAD
0011,000206,AHEAD
0011,000207,AHEAD
0011,000208,AHEAD
0011,000209,AHEAD
0011,000210,AHEAD
0011,000211,AHEAD
0011,000212,AHEAD
0011,000213,AHEAD
0011,000214,AHEAD
0011,000215,AHEAD
0011,000216,AHEAD
0011,000217,AHEAD
0011,000218,AHEAD
0011,000219,AHEAD
0011,000220,AHEAD
0011,000221,AHEAD
0011,000222,AHEAD
0011,000223,AHEAD
0011,000224,AHEAD
0011,000225,AHEAD
0011,000226,AHEAD
0011,000227,AHEAD
0011,000228,AHEAD
0011,000229,AHEAD
0011,000230,AHEAD
0011,000231,AHEAD
0011,000232,AHEAD
0011,000233,AHEAD
0011,000234,HALTED
0011,000235,HALTED
0011,000236,HALTED
0011,000237,HALTED
0011,000238,HALTED
0011,000239,HALTED
0011,000240,HALTED
0011,000241,HALTED
0011,000242,HALTED
0011,000243,HALTED
0011,000244,HALTED
0011,000245,HALTED
0011,000246,HALTED
0011,000247,HALTED
0011,000248,HALTED
0011,000249,HALTED
0011,000250,HALTED
0011,000251,HALTED
0011,000252,HALTED
0011,000253,HALTED
0011,000254,HALTED
0011,000255,AHEAD
0011,000256,AHEAD
0011,000257,AHEAD
0011,000258,AHEAD
0011,000259,AHEAD
0011,000260,AHEAD
0011,000261,AHEAD
0011,000262,AHEAD
0011,000263,AHEAD
0011,000264,AHEAD
0011,000265,AHEAD
0011,000266,AHEAD
0011,000267,AHEAD
0011,000268,AHEAD
0011,000269,AHEAD
0011,000270,AHEAD
0011,000271,AHEAD
0011,000272,AHEAD
0011,000273,AHEAD
0011,000274,AHEAD
0011,000275,AHEAD
0011,000276,AHEAD
0011,000277,AHEAD
0011,000278,AHEAD
0011,000279,AHEAD
0011,000280,AHEAD
0011,000281,AHEAD
0011,000282,AHEAD
0011,000283,AHEAD
0011,000284,AHEAD
0011,000285,AHEAD
0011,000286,AHEAD
0011,000287,AHEAD
0011,000288,AHEAD
0011,000289,AHEAD
0011,000290,AHEAD
0011,000291,AHEAD
0011,000292,AHEAD
0011,000293,AHEAD
0011,000294,AHEAD
0011,000295,AHEAD
0011,000296,AHEAD
0011,000297,AHEAD
0011,000298,AHEAD
0011,000299,AHEAD
0011,000300,AHEAD
0011,000301,AHEAD
0011,000302,AHEAD
0011,000303,AHEAD
0011,000304,AHEAD
0011,000305,AHEAD
0011,000306,AHEAD
0011,000307,AHEAD
0011,000308,AHEAD
0011,000309,AHEAD
0011,000310,AHEAD
0011,000311,AHEAD
0011,000312,AHEAD
0011,000313,AHEAD
0011,000314,AHEAD
0011,000315,AHEAD
0011,000316,AHEAD
0011,000317,AHEAD
0011,000318,AHEAD
0011,000319,AHEAD
0011,000320,AHEAD
0011,000321,AHEAD
0011,000322,AHEAD
0011,000323,AHEAD
0011,000324,AHEAD
0011,000325,AHEAD
0011,000326,AHEAD
0011,000327,AHEAD
0011,000328,AHEAD
0011,000329,AHEAD
0011,000330,AHEAD
0011,000331,AHEAD
0011,000332,AHEAD
0011,000333,AHEAD
0011,000334,AHEAD
0011,000335,AHEAD
0011,000336,AHEAD
0011,000337,AHEAD
0011,000338,AHEAD
0011,000339,AHEAD
0011,000340,AHEAD
0011,000341,AHEAD
0011,000342,AHEAD
0011,000343,AHEAD
0011,000344,AHEAD
0011,000345,AHEAD
0011,000346,AHEAD
0011,000347,AHEAD
0011,000348,AHEAD
0011,000349,AHEAD
0011,000350,AHEAD
0011,000351,AHEAD
0011,000352,AHEAD
0011,000353,AHEAD
0011,000354,AHEAD
0011,000355,AHEAD
0011,000356,AHEAD
0011,000357,AHEAD
0011,000358,AHEAD
0011,000359,AHEAD
0011,000360,AHEAD
0011,000361,AHEAD
0011,000362,AHEAD
0011,000363,AHEAD
0011,000364,AHEAD
0011,000365,AHEAD
0011,000366,AHEAD
0011,000367,AHEAD
0011,000368,AHEAD
0011,000369,AHEAD
0011,000370,AHEAD
0011,000371,AHEAD
0011,000372,AHEAD
0013,000005,AHEAD
0013,000006,AHEAD
0013,000007,AHEAD
0013,000008,AHEAD
0013,000009,AHEAD
0013,000010,AHEAD
0013,000011,AHEAD
0013,000012,AHEAD
0013,000013,AHEAD
0013,000014,AHEAD
0013,000015,AHEAD
0013,000016,AHEAD
0013,000017,AHEAD
0013,000018,AHEAD
0013,000019,AHEAD
0013,000020,AHEAD
0013,000021,AHEAD
0013,000022,AHEAD
0013,000023,AHEAD
0013,000024,AHEAD
0013,000025,AHEAD
0013,000026,AHEAD
0013,000027,AHEAD
0013,000028,AHEAD
0013,000029,AHEAD
0013,000030,AHEAD
0013,000031,AHEAD
0013,000032,AHEAD
0013,000033,AHEAD
0013,000034,AHEAD
0013,000035,AHEAD
0013,000036,AHEAD
0013,000037,AHEAD
0013,000038,AHEAD
0013,000039,AHEAD
0013,000040,AHEAD
0013,000041,AHEAD
0013,000042,AHEAD
0013,000043,AHEAD
0013,000044,AHEAD
0013,000045,AHEAD
0013,000046,AHEAD
0013,000047,AHEAD
0013,000048,AHEAD
0013,000049,AHEAD
0013,000050,AHEAD
0013,000051,AHEAD
0013,000052,AHEAD
0013,000053,AHEAD
0013,000054,AHEAD
0013,000055,AHEAD
0013,000056,AHEAD
0013,000057,AHEAD
0013,000058,AHEAD
0013,000059,AHEAD
0013,000060,AHEAD
0013,000061,AHEAD
0013,000062,AHEAD
0013,000063,AHEAD
0013,000064,AHEAD
0013,000065,AHEAD
0013,000066,AHEAD
0013,000067,AHEAD
0013,000068,AHEAD
0013,000069,AHEAD
0013,000070,AHEAD
0013,000071,AHEAD
0013,000072,AHEAD
0013,000073,AHEAD
0013,000074,AHEAD
0013,000075,AHEAD
0013,000076,AHEAD
0013,000077,AHEAD
0013,000078,AHEAD
0013,000079,AHEAD
0013,000080,AHEAD
0013,000081,AHEAD
0013,000082,AHEAD
0013,000083,AHEAD
0013,000084,AHEAD
0013,000085,AHEAD
0013,000086,AHEAD
0013,000087,AHEAD
0013,000088,AHEAD
0013,000089,AHEAD
0013,000090,AHEAD
0013,000091,AHEAD
0013,000092,AHEAD
0013,000093,AHEAD
0013,000094,AHEAD
0013,000095,AHEAD
0013,000096,AHEAD
0013,000097,AHEAD
0013,000098,AHEAD
0013,000099,AHEAD
0013,000100,AHEAD
0013,000101,AHEAD
0013,000102,AHEAD
0013,000103,AHEAD
0013,000104,AHEAD
0013,000105,AHEAD
0013,000106,AHEAD
0013,000107,AHEAD
0013,000108,AHEAD
0013,000109,AHEAD
0013,000110,AHEAD
0013,000111,AHEAD
0013,000112,AHEAD
0013,000113,AHEAD
0013,000114,AHEAD
0013,000115,AHEAD
0013,000116,AHEAD
0013,000117,AHEAD
0013,000118,AHEAD
0013,000119,AHEAD
0013,000120,AHEAD
0013,000121,AHEAD
0013,000122,AHEAD
0013,000123,AHEAD
0013,000124,AHEAD
0013,000125,AHEAD
0013,000126,AHEAD
0013,000127,AHEAD
0013,000128,AHEAD
0013,000129,AHEAD
0013,000130,AHEAD
0013,000131,AHEAD
0013,000132,AHEAD
0013,000133,AHEAD
0013,000134,AHEAD
0013,000135,AHEAD
0013,000136,AHEAD
0013,000137,AHEAD
0013,000138,AHEAD
0013,000139,AHEAD
0013,000140,AHEAD
0013,000141,AHEAD
0013,000142,AHEAD
0013,000143,AHEAD
0013,000144,AHEAD
0013,000145,AHEAD
0013,000146,AHEAD
0013,000147,AHEAD
0013,000148,AHEAD
0013,000149,AHEAD
0013,000150,AHEAD
0013,000151,AHEAD
0013,000152,AHEAD
0013,000153,AHEAD
0013,000154,AHEAD
0013,000155,AHEAD
0013,000156,AHEAD
0013,000157,AHEAD
0013,000158,AHEAD
0013,000159,AHEAD
0013,000160,AHEAD
0013,000161,AHEAD
0013,000162,AHEAD
0013,000163,AHEAD
0013,000164,AHEAD
0013,000165,AHEAD
0013,000166,AHEAD
0013,000167,AHEAD
0013,000168,AHEAD
0013,000169,AHEAD
0013,000170,AHEAD
0013,000171,AHEAD
0013,000172,AHEAD
0013,000173,AHEAD
0013,000174,AHEAD
0013,000175,AHEAD
0013,000176,AHEAD
0013,000177,AHEAD
0013,000178,AHEAD
0013,000179,AHEAD
0013,000180,AHEAD
0013,000181,AHEAD
0013,000182,AHEAD
0013,000183,AHEAD
0013,000184,AHEAD
0013,000185,AHEAD
0013,000186,AHEAD
0013,000187,AHEAD
0013,000188,AHEAD
0013,000189,AHEAD
0013,000190,AHEAD
0013,000191,AHEAD
0013,000192,AHEAD
0013,000193,AHEAD
0013,000194,AHEAD
0013,000195,AHEAD
0013,000196,AHEAD
0013,000197,AHEAD
0013,000198,AHEAD
0013,000199,AHEAD
0013,000200,AHEAD
0013,000201,AHEAD
0013,000202,AHEAD
0013,000203,AHEAD
0013,000204,AHEAD
0013,000205,AHEAD
0013,000206,AHEAD
0013,000207,AHEAD
0013,000208,AHEAD
0013,000209,AHEAD
0013,000210,AHEAD
0013,000211,AHEAD
0013,000212,AHEAD
0013,000213,AHEAD
0013,000214,AHEAD
0013,000215,AHEAD
0013,000216,AHEAD
0013,000217,AHEAD
0013,000218,AHEAD
0013,000219,AHEAD
0013,000220,AHEAD
0013,000221,AHEAD
0013,000222,AHEAD
0013,000223,AHEAD
0013,000224,AHEAD
0013,000225,AHEAD
0013,000226,AHEAD
0013,000227,AHEAD
0013,000228,AHEAD
0013,000229,AHEAD
0013,000230,AHEAD
0013,000231,AHEAD
0013,000232,AHEAD
0013,000233,AHEAD
0013,000234,AHEAD
0013,000235,AHEAD
0013,000236,AHEAD
0013,000237,AHEAD
0013,000238,AHEAD
0013,000239,AHEAD
0013,000240,AHEAD
0013,000241,AHEAD
0013,000242,AHEAD
0013,000243,AHEAD
0013,000244,AHEAD
0013,000245,AHEAD
0013,000246,AHEAD
0013,000247,AHEAD
0013,000248,AHEAD
0013,000249,AHEAD
0013,000250,AHEAD
0013,000251,AHEAD
0013,000252,AHEAD
0013,000253,AHEAD
0013,000254,AHEAD
0013,000255,AHEAD
0013,000256,AHEAD
0013,000257,AHEAD
0013,000258,AHEAD
0013,000259,AHEAD
0013,000260,AHEAD
0013,000261,AHEAD
0013,000262,AHEAD
0013,000263,AHEAD
0013,000264,AHEAD
0013,000265,AHEAD
0013,000266,AHEAD
0013,000267,AHEAD
0013,000268,AHEAD
0013,000269,AHEAD
0013,000270,AHEAD
0013,000271,AHEAD
0013,000272,AHEAD
0013,000273,AHEAD
0013,000274,AHEAD
0013,000275,AHEAD
0013,000276,AHEAD
0013,000277,AHEAD
0013,000278,AHEAD
0013,000279,AHEAD
0013,000280,AHEAD
0013,000281,AHEAD
0013,000282,AHEAD
0013,000283,AHEAD
0013,000284,AHEAD
0013,000285,AHEAD
0013,000286,AHEAD
0013,000287,AHEAD
0013,000288,AHEAD
0013,000289,AHEAD
0013,000290,AHEAD
0013,000291,AHEAD
0013,000292,AHEAD
0013,000293,AHEAD
0013,000294,AHEAD
0013,000295,AHEAD
0013,000296,AHEAD
0013,000297,AHEAD
0013,000298,AHEAD
0013,000299,AHEAD
0013,000300,AHEAD
0013,000301,AHEAD
0013,000302,AHEAD
0013,000303,AHEAD
0013,000304,AHEAD
0013,000305,AHEAD
0013,000306,AHEAD
0013,000307,AHEAD
0013,000308,AHEAD
0013,000309,AHEAD
0013,000310,AHEAD
0013,000311,AHEAD
0013,000312,AHEAD
0013,000313,AHEAD
0013,000314,AHEAD
0013,000315,AHEAD
0013,000316,AHEAD
0013,000317,AHEAD
0013,000318,AHEAD
0013,000319,AHEAD
0013,000320,AHEAD
0013,000321,AHEAD
0013,000322,AHEAD
0013,000323,AHEAD
0013,000324,AHEAD
0013,000325,AHEAD
0013,000326,AHEAD
0013,000327,AHEAD
0013,000328,AHEAD
0013,000329,AHEAD
0013,000330,AHEAD
0013,000331,AHEAD
0013,000332,AHEAD
0013,000333,AHEAD
0013,000334,AHEAD
0013,000335,AHEAD
0013,000336,AHEAD
0013,000337,AHEAD
0013,000338,AHEAD
0013,000339,AHEAD
0014,000005,AHEAD
0014,000006,AHEAD
0014,000007,AHEAD
0014,000008,AHEAD
0014,000009,AHEAD
0014,000010,AHEAD
0014,000011,AHEAD
0014,000012,AHEAD
0014,000013,AHEAD
0014,000014,AHEAD
0014,000015,AHEAD
0014,000016,AHEAD
0014,000017,AHEAD
0014,000018,AHEAD
0014,000019,AHEAD
0014,000020,AHEAD
0014,000021,AHEAD
0014,000022,AHEAD
0014,000023,AHEAD
0014,000024,AHEAD
0014,000025,AHEAD
0014,000026,AHEAD
0014,000027,AHEAD
0014,000028,AHEAD
0014,000029,AHEAD
0014,000030,AHEAD
0014,000031,AHEAD
0014,000032,AHEAD
0014,000033,AHEAD
0014,000034,AHEAD
0014,000035,AHEAD
0014,000036,AHEAD
0014,000037,AHEAD
0014,000038,AHEAD
0014,000039,AHEAD
0014,000040,AHEAD
0014,000041,AHEAD
0014,000042,AHEAD
0014,000043,AHEAD
0014,000044,AHEAD
0014,000045,SHARP-RIGHT
0014,000046,SHARP-RIGHT
0014,000047,SHARP-RIGHT
0014,000048,SHARP-RIGHT
0014,000049,SHARP-RIGHT
0014,000050,SHARP-RIGHT
0014,000051,SHARP-RIGHT
0014,000052,SHARP-RIGHT
0014,000053,SHARP-RIGHT
0014,000054,SHARP-RIGHT
0014,000055,SHARP-RIGHT
0014,000056,SHARP-RIGHT
0014,000057,SHARP-RIGHT
0014,000058,SHARP-RIGHT
0014,000059,SHARP-RIGHT
0014,000060,SHARP-RIGHT
0014,000061,SHARP-RIGHT
0014,000062,SHARP-RIGHT
0014,000063,SHARP-RIGHT
0014,000064,SHARP-RIGHT
0014,000065,SHARP-RIGHT
0014,000066,SHARP-RIGHT
0014,000067,SHARP-RIGHT
0014,000068,SHARP-RIGHT
0014,000069,SHARP-RIGHT
0014,000070,SHARP-RIGHT
0014,000071,SHARP-RIGHT
0014,000072,SHARP-RIGHT
0014,000073,SHARP-RIGHT
0014,000074,SHARP-RIGHT
0014,000075,SHARP-RIGHT
0014,000076,SHARP-RIGHT
0014,000077,AHEAD
0014,000078,AHEAD
0014,000079,AHEAD
0014,000080,AHEAD
0014,000081,AHEAD
0014,000082,AHEAD
0014,000083,AHEAD
0014,000084,AHEAD
0014,000085,AHEAD
0014,000086,AHEAD
0014,000087,AHEAD
0014,000088,AHEAD
0014,000089,AHEAD
0014,000090,AHEAD
0014,000091,AHEAD
0014,000092,AHEAD
0014,000093,AHEAD
0014,000094,AHEAD
0014,000095,AHEAD
0014,000096,AHEAD
0014,000097,AHEAD
0014,000098,AHEAD
0014,000099,AHEAD
0014,000100,AHEAD
0014,000101,AHEAD
0014,000102,AHEAD
0014,000103,AHEAD
0014,000104,AHEAD
0014,000105,AHEAD
